year,origin_zone_name,destination_zone_name,freight_corridor,total_value,total_current_value,total_tons,total_tmiles
2024,"Los Angeles-Long Beach, CA  CFS Area","Los Angeles-Long Beach, CA  CFS Area","Los Angeles-Long Beach, CA  CFS Area → Los Angeles-Long Beach, CA  CFS Area",563954.52813,734072.959499,392586.69237299997,13104.693320999999
2024,"Houston-The Woodlands, TX  CFS Area","Houston-The Woodlands, TX  CFS Area","Houston-The Woodlands, TX  CFS Area → Houston-The Woodlands, TX  CFS Area",344500.847637,467896.36116399994,469414.45531199995,14470.501836000001
2024,"Chicago-Naperville, IL-IN-WI  CFS Area (IL Part)","Chicago-Naperville, IL-IN-WI  CFS Area (IL Part)","Chicago-Naperville, IL-IN-WI  CFS Area (IL Part) → Chicago-Naperville, IL-IN-WI  CFS Area (IL Part)",297454.970769,387575.544811,199635.33006500005,5774.376505000002
2024,"Dallas-Fort Worth, TX-OK  CFS Area (TX Part)","Dallas-Fort Worth, TX-OK  CFS Area (TX Part)","Dallas-Fort Worth, TX-OK  CFS Area (TX Part) → Dallas-Fort Worth, TX-OK  CFS Area (TX Part)",226424.28855099998,308009.626273,313638.989497,13992.250172000002
2024,"New York-Newark, NY-NJ-CT-PA  CFS Area (NY Part)","New York-Newark, NY-NJ-CT-PA  CFS Area (NY Part)","New York-Newark, NY-NJ-CT-PA  CFS Area (NY Part) → New York-Newark, NY-NJ-CT-PA  CFS Area (NY Part)",204356.828048,274436.61548,136071.92293499995,5314.402426999997
2024,"Detroit-Warren-Ann Arbor, MI  CFS Area","Detroit-Warren-Ann Arbor, MI  CFS Area","Detroit-Warren-Ann Arbor, MI  CFS Area → Detroit-Warren-Ann Arbor, MI  CFS Area",184817.40803700002,233957.35539700004,154683.96508299987,5057.339915000001
2024,"Remainder of Texas","Remainder of Texas","Remainder of Texas → Remainder of Texas",183472.433028,260104.32620999997,357122.508173,74956.89388800002
2024,"San Jose-San Francisco-Oakland, CA  CFS Area","San Jose-San Francisco-Oakland, CA  CFS Area","San Jose-San Francisco-Oakland, CA  CFS Area → San Jose-San Francisco-Oakland, CA  CFS Area",175344.714572,231204.96269999997,164262.059604,5777.074659999999
2024,"New York-Newark, NY-NJ-CT-PA  CFS Area (NJ Part)","New York-Newark, NY-NJ-CT-PA  CFS Area (NJ Part)","New York-Newark, NY-NJ-CT-PA  CFS Area (NJ Part) → New York-Newark, NY-NJ-CT-PA  CFS Area (NJ Part)",168428.113668,220023.194668,163078.76102599996,4402.287361999998
2024,"Seattle-Tacoma, WA  CFS Area","Seattle-Tacoma, WA  CFS Area","Seattle-Tacoma, WA  CFS Area → Seattle-Tacoma, WA  CFS Area",133544.68884600003,175609.03497100002,157272.748013,5951.167545000002
2024,"Atlanta-Athens-Clarke County-Sandy Springs, GA  CFS Area","Atlanta-Athens-Clarke County-Sandy Springs, GA  CFS Area","Atlanta-Athens-Clarke County-Sandy Springs, GA  CFS Area → Atlanta-Athens-Clarke County-Sandy Springs, GA  CFS Area",125962.96189000002,164666.01936200002,124260.99358699999,5683.159836
2024,"Boston-Worcester-Providence, MA-RI-NH-CT  CFS Area (MA Part)","Boston-Worcester-Providence, MA-RI-NH-CT  CFS Area (MA Part)","Boston-Worcester-Providence, MA-RI-NH-CT  CFS Area (MA Part) → Boston-Worcester-Providence, MA-RI-NH-CT  CFS Area (MA Part)",112572.27617,148171.35819300002,107346.584834,3633.53451
2024,"Miami-Fort Lauderdale-Port St. Lucie, FL  CFS Area","Miami-Fort Lauderdale-Port St. Lucie, FL  CFS Area","Miami-Fort Lauderdale-Port St. Lucie, FL  CFS Area → Miami-Fort Lauderdale-Port St. Lucie, FL  CFS Area",112479.399504,149172.300995,154417.80500599998,5097.767502999999
2024,Iowa,Iowa,"Iowa → Iowa",105910.83511,145125.10777,321820.963443,45578.740775000006
2024,"Remainder of Wisconsin_x000D_","Remainder of Wisconsin_x000D_","Remainder of Wisconsin_x000D_ → Remainder of Wisconsin_x000D_",89339.48048999999,120031.835258,231801.64373300003,26744.814499999997
2024,"Los Angeles-Long Beach, CA  CFS Area","San Jose-San Francisco-Oakland, CA  CFS Area","Los Angeles-Long Beach, CA  CFS Area → San Jose-San Francisco-Oakland, CA  CFS Area",87305.654626,111432.964893,32109.015441999993,12330.784980999997
2024,"Remainder of Texas","Houston-The Woodlands, TX  CFS Area","Remainder of Texas → Houston-The Woodlands, TX  CFS Area",86004.584319,122252.59889499999,174909.956067,49798.542705
2024,"Minneapolis-St. Paul, MN-WI  CFS Area (MN Part)","Minneapolis-St. Paul, MN-WI  CFS Area (MN Part)","Minneapolis-St. Paul, MN-WI  CFS Area (MN Part) → Minneapolis-St. Paul, MN-WI  CFS Area (MN Part)",85024.274217,112364.120127,137121.58154999997,5510.896451
2024,"New York-Newark, NY-NJ-CT-PA  CFS Area (NJ Part)","New York-Newark, NY-NJ-CT-PA  CFS Area (NY Part)","New York-Newark, NY-NJ-CT-PA  CFS Area (NJ Part) → New York-Newark, NY-NJ-CT-PA  CFS Area (NY Part)",84322.67190400002,109118.02860499997,35328.327532,1741.966492
2024,"Remainder of Illinois","Remainder of Illinois","Remainder of Illinois → Remainder of Illinois",83424.077177,114003.180508,220971.134584,30449.854421
2024,"Remainder of Pennsylvania","Remainder of Pennsylvania","Remainder of Pennsylvania → Remainder of Pennsylvania",82758.19500300002,110240.98683300002,145034.25706700006,15351.371447000003
2024,"San Jose-San Francisco-Oakland, CA  CFS Area","Los Angeles-Long Beach, CA  CFS Area","San Jose-San Francisco-Oakland, CA  CFS Area → Los Angeles-Long Beach, CA  CFS Area",71437.91704100001,90526.35482400001,30443.374621,12313.683480000002
2024,"Remainder of California","Remainder of California","Remainder of California → Remainder of California",69814.063497,93537.773319,104606.336955,17518.508747
2024,"Austin-Round Rock, TX  CFS Area","Austin-Round Rock, TX  CFS Area","Austin-Round Rock, TX  CFS Area → Austin-Round Rock, TX  CFS Area",68597.3818,95679.821566,141893.75051599997,2817.1001890000007
2024,"Phoenix-Mesa-Scottsdale, AZ  CFS Area","Phoenix-Mesa-Scottsdale, AZ  CFS Area","Phoenix-Mesa-Scottsdale, AZ  CFS Area → Phoenix-Mesa-Scottsdale, AZ  CFS Area",68078.094737,88904.01800999999,78917.032672,1307.6789909999998
